{"r2_score": 0.8011501850210908, "rmse": 30557.960433210475, "mae": 16944.784927296318}